,etag,id.videoId,id.channelId
0,4uRUdlzm-_I22kEBSoakQiJc0QM,9bmL9-lagwM,
1,SOE6xegf7soWQlTkXSC4FuTcrzM,-CFRm-leh_A,
2,mipzPW9ONRpz_Xk_VJokwLSOFys,s3NlNlSQo1I,
3,LHpZT787taUB7m81J-Brcs5z73c,jJMjXeX-FS4,
4,EQZ9w6LiwyG_a0Aeb7aMq1UxkUs,lnrnj9okicM,
5,KbUEwvCpSi_diZtJPDfjvhIVaTM,1CgYEZX83uA,
6,M9_PI6p0FN2vtu8axDXlTc-RLaY,MAxzL2M3BXE,
7,KMkUcbmu66D-pYTPkhj_EgZBZC4,khy9JG7s2og,
8,0f3QTJ4Ori5L-J3-VlmSViZTt4E,,UC0ZV6M2THA81QT9hrVWJG3A
9,ZsttqpySVA1qKEbZgbTWhTrHA0o,oSulshsAwR4,
10,s5Nk7VMbSZoq5HmOr6QwA3QLGoY,rkxFRW0fUbg,
11,6reku-sWE7R65usqYKay1EiYIfQ,wVupKcIDJ0I,
12,GhTmrfIClxnpwFJLVYnSG4hC0Q4,eLkcaR7Ms8I,
13,4kzKjRqTeq8wBPlhJyJaIPXkgww,G2TmsNcJOCw,
14,N-GTMXdtmLg9MFUmYWrMnMdyolg,5baO0qQcMj4,
15,kNY1q9vKh10j0OlGk6nBMKF-gik,T0KJtPQb3LY,
16,Qw88enEeZ3AdYRwAuxKscc5O3-4,sJi8q-aEIM4,
17,EWtN-Wde2KfazoGy4n_CZpOX02g,QFnTTrShCUU,
18,tqs2F8kOlUyFEgrz5kwoWMxj3CM,SuuMpYSUMEw,
19,ly0A0Ppu4uWvqQJF4QnifRUwZNM,ri4uVgjOCYw,
20,dwybYd1kPOAj9n9C8C8yr958zXA,P1Y2ltb3-3s,
21,dBvBhVok_LosYxIUZZNoLKgN-cM,GXZLoBzDnhU,
22,Mvg6r9FxelkuN4w685Y8Suj-V8M,EpkP4StpTZA,
23,YGe1cyhrn38ZNPTS_kGFgQQ_gOI,KH962s_KfdM,
24,J0-k5hdAWp8urUgNpwYgz7T8k0c,LBlSU6q-x8E,
25,E-baSze1wWVbBzPl9waux5tMI2A,uMjn_GDFrUA,
26,iEenFAQtag6Ej6eLh1zr6mrctxw,8SrUEdEjHuI,
27,2VaxOZUwdjwWWnBoEzBuVbQ7268,x5OZdcAogJQ,
28,_j8lgpXJMyJ3pumnKfWoR-Xh-sI,wmh4IpG1xf8,
29,RM4HlUdfc4m4xwd247pOmiztX5E,jE9E8M0s86U,
30,U7omAvVIWfryx1R6H32AwoZGN-M,OkZgKCcQFPI,
31,TvZnLtgBvUkWIR8a7ciEq-fBoCs,uv9WanEFm2w,
32,4t1E-eq1AxZJfwCSx3oquAYtQIM,SqCrBv0NIiU,
33,G9niufTaHh_cKnbDbEkwE-3-hbU,_r1NhtYyuS8,
34,8nbeoVB2PIzXloiR3PoBy7kKJO0,HMDnErHU4AU,
35,FY71rE9EVVZHT1PX8bPOGttEx_o,gcPI6AfZqXs,
36,Qq2xI9Gyj96La29NPgiJLnbjZuU,O1T-4jYt3Yo,
37,_hJye7fQdSgqYZmgVHGpHrk4BMg,y9vb-tcYW70,
38,ZMm77IIJMxgTzQuby4iYvd-t9w0,Cnovrh7eT_w,
39,1AFhC8JVOyc00iVBD2fwKXxmPuM,toWAw5kraX8,
40,LiTV72UdfwDtfW_Qstg-FSCoBxw,-3705EW7fqo,
41,UI6WxB-4WpPuUaglgNda1hmpU18,V54GQtXkzjU,
42,h0hhiqv-6sVeOOmSJ9RLsLG7LKI,xC5AbVHVq1w,
43,WXXVYzY18liyf2xpSq7A39DLIJY,kI0CoOvTGDg,
44,s_S2XABw7dnPPQSPGbj7EXfKV8k,bFBBWAnEPvU,
45,RVCyrWLN5PWwXOtO0vwSUlWrCFA,lOo4YlaA_OA,
46,vWJ4yGPgbrgiIOKRZFBCK1bDSNs,BzE2Yeo59RY,
47,sl-0YnJ5Zaemqm4YxZ0HKFXRd1I,qsOrIRRJ4Ss,
48,H2ay3oQmLHAKpsawUPSVQFToypw,2rTnaN5PxyY,
49,Xs7B2Setbq8_STKiKo8Yd61CRoQ,RhVucsIVPB4,
